Workbook

Sheet Data
A1: WeekStart | B1: Store314 | C1: Store299 | D1: Store763 | E1: Store259 | F1: Store640 | G1: PromoDays
A2: 41281 | B2: 34321 | C2: 27726 | D2: 38756 | E2: 55120 | F2: 77821 | G2: 5
A3: 41288 | B3: 23045 | C3: 21240 | D3: 27346 | E3: 47889 | F3: 52291 | G3: 0
A4: 41295 | B4: 32832 | C4: 24634 | D4: 36798 | E4: 50531 | F4: 69432 | G4: 5
A5: 41302 | B5: 24517 | C5: 24002 | D5: 29272 | E5: 0 | F5: 57083 | G5: 0
A6: 41309 | B6: 34664 | C6: 28267 | D6: 38778 | E6: 30421 | F6: 76746 | G6: 5
A7: 41316 | B7: 23985 | C7: 24480 | D7: 29485 | E7: 71865 | F7: 53854 | G7: 0
A8: 41323 | B8: 33649 | C8: 28866 | D8: 38027 | E8: 68881 | F8: 70413 | G8: 5
A9: 41330 | B9: 24826 | C9: 25586 | D9: 29871 | E9: 64504 | F9: 55045 | G9: 0
A10: 41337 | B10: 34691 | C10: 31185 | D10: 40410 | E10: 66171 | F10: 74794 | G10: 5
A11: 41344 | B11: 23031 | C11: 28489 | D11: 31162 | E11: 75002 | F11: 54565 | G11: 0
A12: 41351 | B12: 32698 | C12: 36888 | D12: 38389 | E12: 70497 | F12: 73667 | G12: 5
A13: 41358 | B13: 31534 | C13: 47526 | D13: 42120 | E13: 81598 | F13: 72170 | G13: 5
... A134: 42205 | B134: 24087 | C134: 63296 | D134: 31027 | E134: 82457 | F134: 58463 | G134: 0

Sheet Forecast
A1: WeekStart | B1: 314 Actual | C1: 299 Actual | D1: 763 Actual | E1: 259 Actual | F1: 640 Actual | H1: 314 Naïve | I1: 299 Naïve | J1: 763 Naïve | K1: 259 Naïve | L1: 640 Naïve | N1: 314 ETS | O1: 299 ETS | P1: 763 ETS | Q1: 259 ETS | R1: 640 ETS
A2: =Data!A123 -> 42128 | B2: =Data!B123 -> 35568 | C2: =Data!C123 -> 41906 | D2: =Data!D123 -> 40576 | E2: =Data!E123 -> 91369 | F2: =Data!F123 -> 81135 | H2: =Data!B71 -> 36542 | I2: =Data!C71 -> 38918 | J2: =Data!D71 -> 40805 | K2: =Data!E71 -> 86265 | L2: =Data!F71 -> 77470 | N2: =_xlfn.FORECAST.ETS($A2,Data!B$2:B$122,Data!$A$2:$A$122,52) -> 36033.762 | O2: =_xlfn.FORECAST.ETS($A2,Data!C$2:C$122,Data!$A$2:$A$122,52) -> 43292.045 | P2: =_xlfn.FORECAST.ETS($A2,Data!D$2:D$122,Data!$A$2:$A$122,52) -> 38895.68 | Q2: =_xlfn.FORECAST.ETS($A2,Data!E$2:E$122,Data!$A$2:$A$122,52) -> 95547.777 | R2: =_xlfn.FORECAST.ETS($A2,Data!F$2:F$122,Data!$A$2:$A$122,52) -> 76462.036
A3: =Data!A124 -> 42135 | B3: =Data!B124 -> 23184 | C3: =Data!C124 -> 46679 | D3: =Data!D124 -> 29261 | E3: =Data!E124 -> 94349 | F3: =Data!F124 -> 55457 | H3: =Data!B72 -> 23609 | I3: =Data!C72 -> 33674 | J3: =Data!D72 -> 29320 | K3: =Data!E72 -> 79062 | L3: =Data!F72 -> 53970 | N3: =_xlfn.FORECAST.ETS($A3,Data!B$2:B$122,Data!$A$2:$A$122,52) -> 26930.719 | O3: =_xlfn.FORECAST.ETS($A3,Data!C$2:C$122,Data!$A$2:$A$122,52) -> 39663.865 | P3: =_xlfn.FORECAST.ETS($A3,Data!D$2:D$122,Data!$A$2:$A$122,52) -> 31166.757 | Q3: =_xlfn.FORECAST.ETS($A3,Data!E$2:E$122,Data!$A$2:$A$122,52) -> 89614.734 | R3: =_xlfn.FORECAST.ETS($A3,Data!F$2:F$122,Data!$A$2:$A$122,52) -> 61117.892
A4: =Data!A125 -> 42142 | B4: =Data!B125 -> 32983 | C4: =Data!C125 -> 51101 | D4: =Data!D125 -> 39904 | E4: =Data!E125 -> 96422 | F4: =Data!F125 -> 78001 | H4: =Data!B73 -> 33807 | I4: =Data!C73 -> 41796 | J4: =Data!D73 -> 37223 | K4: =Data!E73 -> 86761 | L4: =Data!F73 -> 71765 | N4: =_xlfn.FORECAST.ETS($A4,Data!B$2:B$122,Data!$A$2:$A$122,52) -> 32819.153 | O4: =_xlfn.FORECAST.ETS($A4,Data!C$2:C$122,Data!$A$2:$A$122,52) -> 44961.755 | P4: =_xlfn.FORECAST.ETS($A4,Data!D$2:D$122,Data!$A$2:$A$122,52) -> 35288.963 | Q4: =_xlfn.FORECAST.ETS($A4,Data!E$2:E$122,Data!$A$2:$A$122,52) -> 96190.075 | R4: =_xlfn.FORECAST.ETS($A4,Data!F$2:F$122,Data!$A$2:$A$122,52) -> 70060.169
A5: =Data!A126 -> 42149 | B5: =Data!B126 -> 24552 | C5: =Data!C126 -> 45156 | D5: =Data!D126 -> 29650 | E5: =Data!E126 -> 95802 | F5: =Data!F126 -> 58118 | H5: =Data!B74 -> 23808 | I5: =Data!C74 -> 45393 | J5: =Data!D74 -> 30698 | K5: =Data!E74 -> 87314 | L5: =Data!F74 -> 55444 | N5: =_xlfn.FORECAST.ETS($A5,Data!B$2:B$122,Data!$A$2:$A$122,52) -> 26531.142 | O5: =_xlfn.FORECAST.ETS($A5,Data!C$2:C$122,Data!$A$2:$A$122,52) -> 49294.11 | P5: =_xlfn.FORECAST.ETS($A5,Data!D$2:D$122,Data!$A$2:$A$122,52) -> 32394.931 | Q5: =_xlfn.FORECAST.ETS($A5,Data!E$2:E$122,Data!$A$2:$A$122,52) -> 96660.69 | R5: =_xlfn.FORECAST.ETS($A5,Data!F$2:F$122,Data!$A$2:$A$122,52) -> 61569.999
A6: =Data!A127 -> 42156 | B6: =Data!B127 -> 31282 | C6: =Data!C127 -> 51714 | D6: =Data!D127 -> 42566 | E6: =Data!E127 -> 105420 | F6: =Data!F127 -> 79102 | H6: =Data!B75 -> 38994 | I6: =Data!C75 -> 52270 | J6: =Data!D75 -> 41566 | K6: =Data!E75 -> 92096 | L6: =Data!F75 -> 82156 | N6: =_xlfn.FORECAST.ETS($A6,Data!B$2:B$122,Data!$A$2:$A$122,52) -> 39593.125 | O6: =_xlfn.FORECAST.ETS($A6,Data!C$2:C$122,Data!$A$2:$A$122,52) -> 54712.293 | P6: =_xlfn.FORECAST.ETS($A6,Data!D$2:D$122,Data!$A$2:$A$122,52) -> 41097.112 | Q6: =_xlfn.FORECAST.ETS($A6,Data!E$2:E$122,Data!$A$2:$A$122,52) -> 99891.651 | R6: =_xlfn.FORECAST.ETS($A6,Data!F$2:F$122,Data!$A$2:$A$122,52) -> 83313.415
A7: =Data!A128 -> 42163 | B7: =Data!B128 -> 26249 | C7: =Data!C128 -> 45798 | D7: =Data!D128 -> 31459 | E7: =Data!E128 -> 89390 | F7: =Data!F128 -> 60678 | H7: =Data!B76 -> 23473 | I7: =Data!C76 -> 46539 | J7: =Data!D76 -> 27710 | K7: =Data!E76 -> 88868 | L7: =Data!F76 -> 53097 | N7: =_xlfn.FORECAST.ETS($A7,Data!B$2:B$122,Data!$A$2:$A$122,52) -> 25122.277 | O7: =_xlfn.FORECAST.ETS($A7,Data!C$2:C$122,Data!$A$2:$A$122,52) -> 48919.235 | P7: =_xlfn.FORECAST.ETS($A7,Data!D$2:D$122,Data!$A$2:$A$122,52) -> 28296.865 | Q7: =_xlfn.FORECAST.ETS($A7,Data!E$2:E$122,Data!$A$2:$A$122,52) -> 96912.295 | R7: =_xlfn.FORECAST.ETS($A7,Data!F$2:F$122,Data!$A$2:$A$122,52) -> 56910.534
A8: =Data!A129 -> 42170 | B8: =Data!B129 -> 34523 | C8: =Data!C129 -> 47729 | D8: =Data!D129 -> 39754 | E8: =Data!E129 -> 94521 | F8: =Data!F129 -> 85222 | H8: =Data!B77 -> 30206 | I8: =Data!C77 -> 46888 | J8: =Data!D77 -> 38666 | K8: =Data!E77 -> 87877 | L8: =Data!F77 -> 70890 | N8: =_xlfn.FORECAST.ETS($A8,Data!B$2:B$122,Data!$A$2:$A$122,52) -> 31640.27 | O8: =_xlfn.FORECAST.ETS($A8,Data!C$2:C$122,Data!$A$2:$A$122,52) -> 50145.836 | P8: =_xlfn.FORECAST.ETS($A8,Data!D$2:D$122,Data!$A$2:$A$122,52) -> 38567.507 | Q8: =_xlfn.FORECAST.ETS($A8,Data!E$2:E$122,Data!$A$2:$A$122,52) -> 96868.361 | R8: =_xlfn.FORECAST.ETS($A8,Data!F$2:F$122,Data!$A$2:$A$122,52) -> 73714.355
A9: =Data!A130 -> 42177 | B9: =Data!B130 -> 24954 | C9: =Data!C130 -> 44161 | D9: =Data!D130 -> 30447 | E9: =Data!E130 -> 85543 | F9: =Data!F130 -> 59046 | H9: =Data!B78 -> 25650 | I9: =Data!C78 -> 41991 | J9: =Data!D78 -> 30176 | K9: =Data!E78 -> 79587 | L9: =Data!F78 -> 54424 | N9: =_xlfn.FORECAST.ETS($A9,Data!B$2:B$122,Data!$A$2:$A$122,52) -> 26695.103 | O9: =_xlfn.FORECAST.ETS($A9,Data!C$2:C$122,Data!$A$2:$A$122,52) -> 45545.105 | P9: =_xlfn.FORECAST.ETS($A9,Data!D$2:D$122,Data!$A$2:$A$122,52) -> 30363.754 | Q9: =_xlfn.FORECAST.ETS($A9,Data!E$2:E$122,Data!$A$2:$A$122,52) -> 89665.169 | R9: =_xlfn.FORECAST.ETS($A9,Data!F$2:F$122,Data!$A$2:$A$122,52) -> 58065.514
A10: =Data!A131 -> 42184 | B10: =Data!B131 -> 33949 | C10: =Data!C131 -> 61631 | D10: =Data!D131 -> 43029 | E10: =Data!E131 -> 97950 | F10: =Data!F131 -> 87575 | H10: =Data!B79 -> 37929 | I10: =Data!C79 -> 47654 | J10: =Data!D79 -> 41179 | K10: =Data!E79 -> 88672 | L10: =Data!F79 -> 82600 | N10: =_xlfn.FORECAST.ETS($A10,Data!B$2:B$122,Data!$A$2:$A$122,52) -> 38093.174 | O10: =_xlfn.FORECAST.ETS($A10,Data!C$2:C$122,Data!$A$2:$A$122,52) -> 53438.726 | P10: =_xlfn.FORECAST.ETS($A10,Data!D$2:D$122,Data!$A$2:$A$122,52) -> 40609.462 | Q10: =_xlfn.FORECAST.ETS($A10,Data!E$2:E$122,Data!$A$2:$A$122,52) -> 97546.647 | R10: =_xlfn.FORECAST.ETS($A10,Data!F$2:F$122,Data!$A$2:$A$122,52) -> 84536.109
A11: =Data!A132 -> 42191 | B11: =Data!B132 -> 25560 | C11: =Data!C132 -> 53800 | D11: =Data!D132 -> 33663 | E11: =Data!E132 -> 84308 | F11: =Data!F132 -> 62545 | H11: =Data!B80 -> 25007 | I11: =Data!C80 -> 55112 | J11: =Data!D80 -> 34497 | K11: =Data!E80 -> 83743 | L11: =Data!F80 -> 56968 | N11: =_xlfn.FORECAST.ETS($A11,Data!B$2:B$122,Data!$A$2:$A$122,52) -> 26538.008 | O11: =_xlfn.FORECAST.ETS($A11,Data!C$2:C$122,Data!$A$2:$A$122,52) -> 59550.124 | P11: =_xlfn.FORECAST.ETS($A11,Data!D$2:D$122,Data!$A$2:$A$122,52) -> 32429.078 | Q11: =_xlfn.FORECAST.ETS($A11,Data!E$2:E$122,Data!$A$2:$A$122,52) -> 90943.636 | R11: =_xlfn.FORECAST.ETS($A11,Data!F$2:F$122,Data!$A$2:$A$122,52) -> 60931.544
A12: =Data!A133 -> 42198 | B12: =Data!B133 -> 32500 | C12: =Data!C133 -> 64048 | D12: =Data!D133 -> 41164 | E12: =Data!E133 -> 91032 | F12: =Data!F133 -> 79095 | H12: =Data!B81 -> 32759 | I12: =Data!C81 -> 61615 | J12: =Data!D81 -> 37938 | K12: =Data!E81 -> 87932 | L12: =Data!F81 -> 75866 | N12: =_xlfn.FORECAST.ETS($A12,Data!B$2:B$122,Data!$A$2:$A$122,52) -> 34897.336 | O12: =_xlfn.FORECAST.ETS($A12,Data!C$2:C$122,Data!$A$2:$A$122,52) -> 66293.452 | P12: =_xlfn.FORECAST.ETS($A12,Data!D$2:D$122,Data!$A$2:$A$122,52) -> 37825.476 | Q12: =_xlfn.FORECAST.ETS($A12,Data!E$2:E$122,Data!$A$2:$A$122,52) -> 95482.546 | R12: =_xlfn.FORECAST.ETS($A12,Data!F$2:F$122,Data!$A$2:$A$122,52) -> 82047.518
A13: =Data!A134 -> 42205 | B13: =Data!B134 -> 24087 | C13: =Data!C134 -> 63296 | D13: =Data!D134 -> 31027 | E13: =Data!E134 -> 82457 | F13: =Data!F134 -> 58463 | H13: =Data!B82 -> 24757 | I13: =Data!C82 -> 61772 | J13: =Data!D82 -> 30389 | K13: =Data!E82 -> 82220 | L13: =Data!F82 -> 54143 | N13: =_xlfn.FORECAST.ETS($A13,Data!B$2:B$122,Data!$A$2:$A$122,52) -> 26049.671 | O13: =_xlfn.FORECAST.ETS($A13,Data!C$2:C$122,Data!$A$2:$A$122,52) -> 67632.702 | P13: =_xlfn.FORECAST.ETS($A13,Data!D$2:D$122,Data!$A$2:$A$122,52) -> 30967.803 | Q13: =_xlfn.FORECAST.ETS($A13,Data!E$2:E$122,Data!$A$2:$A$122,52) -> 90438.236 | R13: =_xlfn.FORECAST.ETS($A13,Data!F$2:F$122,Data!$A$2:$A$122,52) -> 58080.37
G14: Average
A15: MAPE Naïve | B15: {=SUMPRODUCT(ABS(B$2:B$13-H$2:H$13)/B$2:B$13)/COUNT(B$2:B$13)} -> 0.065073569 | C15: {=SUMPRODUCT(ABS(C$2:C$13-I$2:I$13)/C$2:C$13)/COUNT(C$2:C$13)} -> 0.078681036 | D15: {=SUMPRODUCT(ABS(D$2:D$13-J$2:J$13)/D$2:D$13)/COUNT(D$2:D$13)} -> 0.037985531 | E15: {=SUMPRODUCT(ABS(E$2:E$13-K$2:K$13)/E$2:E$13)/COUNT(E$2:E$13)} -> 0.068098316 | F15: {=SUMPRODUCT(ABS(F$2:F$13-L$2:L$13)/F$2:F$13)/COUNT(F$2:F$13)} -> 0.072386105 | G15: =AVERAGE(B15:F15) -> 0.064444911
A16: MAPE ETS | B16: {=SUMPRODUCT(ABS(B$2:B$13-N$2:N$13)/B$2:B$13)/COUNT(B$2:B$13)} -> 0.086478662 | C16: {=SUMPRODUCT(ABS(C$2:C$13-O$2:O$13)/C$2:C$13)/COUNT(C$2:C$13)} -> 0.07888555 | D16: {=SUMPRODUCT(ABS(D$2:D$13-P$2:P$13)/D$2:D$13)/COUNT(D$2:D$13)} -> 0.054856126 | E16: {=SUMPRODUCT(ABS(E$2:E$13-Q$2:Q$13)/E$2:E$13)/COUNT(E$2:E$13)} -> 0.045450388 | F16: {=SUMPRODUCT(ABS(F$2:F$13-R$2:R$13)/F$2:F$13)/COUNT(F$2:F$13)} -> 0.05768417 | G16: =AVERAGE(B16:F16) -> 0.064670979
A17: WAPE Naïve | B17: {=SUMPRODUCT(ABS(B$2:B$13-H$2:H$13))/SUM(B$2:B$13)} -> 0.068490602 | C17: {=SUMPRODUCT(ABS(C$2:C$13-I$2:I$13))/SUM(C$2:C$13)} -> 0.079558328 | D17: {=SUMPRODUCT(ABS(D$2:D$13-J$2:J$13))/SUM(D$2:D$13)} -> 0.038550289 | E17: {=SUMPRODUCT(ABS(E$2:E$13-K$2:K$13))/SUM(E$2:E$13)} -> 0.070511103 | F17: {=SUMPRODUCT(ABS(F$2:F$13-L$2:L$13))/SUM(F$2:F$13)} -> 0.073128013 | G17: =AVERAGE(B17:F17) -> 0.066047667
A18: WAPE ETS | B18: {=SUMPRODUCT(ABS(B$2:B$13-N$2:N$13))/SUM(B$2:B$13)} -> 0.085575589 | C18: {=SUMPRODUCT(ABS(C$2:C$13-O$2:O$13))/SUM(C$2:C$13)} -> 0.079614331 | D18: {=SUMPRODUCT(ABS(D$2:D$13-P$2:P$13))/SUM(D$2:D$13)} -> 0.055255461 | E18: {=SUMPRODUCT(ABS(E$2:E$13-Q$2:Q$13))/SUM(E$2:E$13)} -> 0.044196498 | F18: {=SUMPRODUCT(ABS(F$2:F$13-R$2:R$13))/SUM(F$2:F$13)} -> 0.059425619 | G18: =AVERAGE(B18:F18) -> 0.0648135
A20: Finding: Both baselines average ~6.5% WAPE on a 12-week holdout (May–Jul 2015). Seasonal naive wins for stores 314 and 763; FORECAST.ETS wins for 259 and 640. Benchmark for Step 5: 6.5% WAPE.
